Game,Score,Mean Score,Record
1,1,1.0,1
2,0,0.5,1
3,0,0.3333333333333333,1
4,0,0.25,1
5,0,0.2,1
6,0,0.16666666666666666,1
7,1,0.2857142857142857,1
8,0,0.25,1
9,0,0.2222222222222222,1
10,0,0.2,1
11,0,0.18181818181818182,1
12,0,0.16666666666666666,1
13,0,0.15384615384615385,1
14,0,0.14285714285714285,1
15,0,0.13333333333333333,1
16,0,0.125,1
17,0,0.11764705882352941,1
18,0,0.1111111111111111,1
19,0,0.10526315789473684,1
20,0,0.1,1
21,0,0.09523809523809523,1
22,0,0.09090909090909091,1
23,0,0.08695652173913043,1
24,1,0.125,1
25,0,0.12,1
1,0,0.0,0
2,0,0.0,0
3,0,0.0,0
4,0,0.0,0
5,0,0.0,0
6,0,0.0,0
7,1,0.14285714285714285,1
8,0,0.125,1
9,0,0.1111111111111111,1
10,1,0.2,1
11,0,0.18181818181818182,1
12,0,0.16666666666666666,1
13,0,0.15384615384615385,1
14,0,0.14285714285714285,1
15,0,0.13333333333333333,1
16,1,0.1875,1
17,0,0.17647058823529413,1
18,0,0.16666666666666666,1
19,0,0.15789473684210525,1
20,0,0.15,1
21,0,0.14285714285714285,1
22,1,0.18181818181818182,1
23,0,0.17391304347826086,1
24,1,0.20833333333333334,1
25,0,0.2,1
26,0,0.19230769230769232,1
27,1,0.2222222222222222,1
28,0,0.21428571428571427,1
29,0,0.20689655172413793,1
30,0,0.2,1
31,1,0.22580645161290322,1
32,0,0.21875,1
33,2,0.2727272727272727,2
34,1,0.29411764705882354,2
35,1,0.3142857142857143,2
36,1,0.3333333333333333,2
37,0,0.32432432432432434,2
38,0,0.3157894736842105,2
39,0,0.3076923076923077,2
40,0,0.3,2
41,1,0.3170731707317073,2
42,0,0.30952380952380953,2
43,0,0.3023255813953488,2
44,0,0.29545454545454547,2
45,0,0.28888888888888886,2
46,1,0.30434782608695654,2
47,1,0.3191489361702128,2
48,1,0.3333333333333333,2
49,1,0.3469387755102041,2
50,1,0.36,2
51,0,0.35294117647058826,2
52,1,0.36538461538461536,2
53,3,0.41509433962264153,3
54,0,0.4074074074074074,3
55,0,0.4,3
56,11,0.5892857142857143,11
57,0,0.5789473684210527,11
58,0,0.5689655172413793,11
59,2,0.5932203389830508,11
60,0,0.5833333333333334,11
61,1,0.5901639344262295,11
62,3,0.6290322580645161,11
63,3,0.6666666666666666,11
64,0,0.65625,11
65,1,0.6615384615384615,11
66,0,0.6515151515151515,11
67,0,0.6417910447761194,11
68,3,0.6764705882352942,11
69,4,0.7246376811594203,11
70,2,0.7428571428571429,11
71,2,0.7605633802816901,11
72,2,0.7777777777777778,11
73,3,0.8082191780821918,11
74,1,0.8108108108108109,11
75,6,0.88,11
76,6,0.9473684210526315,11
77,0,0.935064935064935,11
78,0,0.9230769230769231,11
79,0,0.9113924050632911,11
80,0,0.9,11
81,12,1.037037037037037,12
82,0,1.024390243902439,12
83,8,1.108433734939759,12
84,0,1.0952380952380953,12
85,0,1.0823529411764705,12
86,0,1.069767441860465,12
87,0,1.0574712643678161,12
88,10,1.1590909090909092,12
89,0,1.146067415730337,12
90,0,1.1333333333333333,12
91,0,1.120879120879121,12
92,0,1.108695652173913,12
93,4,1.1397849462365592,12
94,1,1.1382978723404256,12
95,0,1.1263157894736842,12
96,15,1.2708333333333333,15
97,7,1.3298969072164948,15
98,4,1.3571428571428572,15
99,7,1.4141414141414141,15
100,0,1.4,15
101,13,1.5148514851485149,15
102,5,1.5490196078431373,15
103,7,1.6019417475728155,15
104,9,1.6730769230769231,15
105,37,2.0095238095238095,37
106,19,2.169811320754717,37
107,25,2.383177570093458,37
108,14,2.490740740740741,37
109,29,2.7339449541284404,37
110,26,2.9454545454545453,37
111,32,3.2072072072072073,37
112,17,3.330357142857143,37
113,29,3.5575221238938055,37
114,33,3.8157894736842106,37
115,16,3.9217391304347826,37
116,35,4.189655172413793,37
117,56,4.632478632478633,56
118,41,4.940677966101695,56
119,21,5.07563025210084,56
120,1,5.041666666666667,56
121,29,5.239669421487603,56
122,52,5.622950819672131,56
123,33,5.845528455284553,56
124,22,5.975806451612903,56
125,25,6.128,56
126,24,6.26984126984127,56
127,26,6.425196850393701,56
128,18,6.515625,56
129,36,6.744186046511628,56
130,40,7.0,56
131,29,7.1679389312977095,56
132,34,7.371212121212121,56
133,20,7.466165413533835,56
134,26,7.604477611940299,56
135,43,7.866666666666666,56
136,45,8.139705882352942,56
137,23,8.248175182481752,56
138,29,8.398550724637682,56
139,27,8.532374100719425,56
140,21,8.621428571428572,56
141,17,8.680851063829786,56
142,15,8.725352112676056,56
143,46,8.986013986013987,56
144,30,9.131944444444445,56
145,17,9.186206896551724,56
146,25,9.294520547945206,56
147,29,9.428571428571429,56
148,11,9.43918918918919,56
149,32,9.590604026845638,56
150,31,9.733333333333333,56
151,24,9.827814569536423,56
152,30,9.960526315789474,56
153,16,10.0,56
154,30,10.12987012987013,56
155,23,10.212903225806452,56
156,21,10.282051282051283,56
157,31,10.414012738853502,56
158,31,10.544303797468354,56
159,12,10.553459119496855,56
160,15,10.58125,56
161,19,10.633540372670808,56
162,22,10.703703703703704,56
163,9,10.693251533742332,56
164,40,10.871951219512194,56
165,41,11.054545454545455,56
166,17,11.090361445783133,56
167,29,11.197604790419161,56
168,14,11.214285714285714,56
169,38,11.372781065088757,56
170,32,11.494117647058824,56
171,23,11.56140350877193,56
172,35,11.69767441860465,56
173,39,11.855491329479769,56
174,11,11.850574712643677,56
175,10,11.84,56
176,32,11.954545454545455,56
1,0,0.0,0
2,1,0.5,1
3,0,0.3333333333333333,1
4,0,0.25,1
5,0,0.2,1
6,0,0.16666666666666666,1
7,0,0.14285714285714285,1
8,0,0.125,1
9,1,0.2222222222222222,1
10,0,0.2,1
11,0,0.18181818181818182,1
12,0,0.16666666666666666,1
13,0,0.15384615384615385,1
14,0,0.14285714285714285,1
15,0,0.13333333333333333,1
16,0,0.125,1
17,1,0.17647058823529413,1
18,0,0.16666666666666666,1
19,0,0.15789473684210525,1
20,2,0.25,2
21,0,0.23809523809523808,2
22,0,0.22727272727272727,2
23,0,0.21739130434782608,2
24,0,0.20833333333333334,2
25,0,0.2,2
26,0,0.19230769230769232,2
27,0,0.18518518518518517,2
28,0,0.17857142857142858,2
29,1,0.20689655172413793,2
30,0,0.2,2
31,1,0.22580645161290322,2
32,0,0.21875,2
33,1,0.24242424242424243,2
34,0,0.23529411764705882,2
35,0,0.22857142857142856,2
36,0,0.2222222222222222,2
37,0,0.21621621621621623,2
38,3,0.2894736842105263,3
39,0,0.28205128205128205,3
40,0,0.275,3
41,0,0.2682926829268293,3
42,1,0.2857142857142857,3
43,1,0.3023255813953488,3
44,0,0.29545454545454547,3
45,2,0.3333333333333333,3
46,0,0.32608695652173914,3
47,0,0.3191489361702128,3
48,1,0.3333333333333333,3
49,1,0.3469387755102041,3
50,1,0.36,3
51,1,0.37254901960784315,3
52,1,0.38461538461538464,3
53,6,0.49056603773584906,6
54,5,0.5740740740740741,6
55,0,0.5636363636363636,6
56,0,0.5535714285714286,6
57,0,0.543859649122807,6
58,2,0.5689655172413793,6
59,0,0.559322033898305,6
60,2,0.5833333333333334,6
61,2,0.6065573770491803,6
62,0,0.5967741935483871,6
63,1,0.6031746031746031,6
64,1,0.609375,6
65,11,0.7692307692307693,11
66,0,0.7575757575757576,11
67,0,0.746268656716418,11
68,4,0.7941176470588235,11
69,2,0.8115942028985508,11
70,1,0.8142857142857143,11
71,10,0.9436619718309859,11
72,9,1.0555555555555556,11
73,5,1.1095890410958904,11
74,2,1.1216216216216217,11
75,2,1.1333333333333333,11
76,13,1.2894736842105263,13
77,0,1.2727272727272727,13
78,3,1.294871794871795,13
79,6,1.3544303797468353,13
80,5,1.4,13
81,7,1.4691358024691359,13
82,15,1.6341463414634145,15
83,10,1.7349397590361446,15
84,25,2.011904761904762,25
85,14,2.152941176470588,25
86,24,2.4069767441860463,25
87,1,2.3908045977011496,25
1,0,0.0,0
2,0,0.0,0
3,1,0.3333333333333333,1
4,0,0.25,1
5,0,0.2,1
6,0,0.16666666666666666,1
7,0,0.14285714285714285,1
8,0,0.125,1
9,0,0.1111111111111111,1
10,0,0.1,1
11,0,0.09090909090909091,1
12,0,0.08333333333333333,1
13,0,0.07692307692307693,1
14,0,0.07142857142857142,1
15,0,0.06666666666666667,1
16,0,0.0625,1
17,0,0.058823529411764705,1
18,0,0.05555555555555555,1
19,0,0.05263157894736842,1
20,1,0.1,1
21,1,0.14285714285714285,1
22,0,0.13636363636363635,1
23,0,0.13043478260869565,1
24,0,0.125,1
25,0,0.12,1
26,0,0.11538461538461539,1
27,0,0.1111111111111111,1
28,1,0.14285714285714285,1
29,1,0.1724137931034483,1
30,0,0.16666666666666666,1
31,0,0.16129032258064516,1
32,1,0.1875,1
33,0,0.18181818181818182,1
34,0,0.17647058823529413,1
35,1,0.2,1
36,0,0.19444444444444445,1
37,2,0.24324324324324326,2
38,1,0.2631578947368421,2
39,0,0.2564102564102564,2
40,0,0.25,2
41,0,0.24390243902439024,2
42,0,0.23809523809523808,2
43,1,0.2558139534883721,2
44,0,0.25,2
45,0,0.24444444444444444,2
46,0,0.2391304347826087,2
47,1,0.2553191489361702,2
48,0,0.25,2
49,0,0.24489795918367346,2
50,1,0.26,2
51,0,0.2549019607843137,2
52,0,0.25,2
53,0,0.24528301886792453,2
54,0,0.24074074074074073,2
55,0,0.23636363636363636,2
56,0,0.23214285714285715,2
57,0,0.22807017543859648,2
58,0,0.22413793103448276,2
59,0,0.22033898305084745,2
60,2,0.25,2
61,1,0.26229508196721313,2
62,1,0.27419354838709675,2
63,0,0.2698412698412698,2
64,0,0.265625,2
65,0,0.26153846153846155,2
66,1,0.2727272727272727,2
67,1,0.2835820895522388,2
68,0,0.27941176470588236,2
69,1,0.2898550724637681,2
70,0,0.2857142857142857,2
71,1,0.29577464788732394,2
72,0,0.2916666666666667,2
73,0,0.2876712328767123,2
74,2,0.3108108108108108,2
75,8,0.41333333333333333,8
76,2,0.4342105263157895,8
77,6,0.5064935064935064,8
78,1,0.5128205128205128,8
79,0,0.5063291139240507,8
80,7,0.5875,8
81,18,0.8024691358024691,18
82,38,1.2560975609756098,38
83,10,1.3614457831325302,38
84,4,1.3928571428571428,38
85,1,1.388235294117647,38
86,8,1.4651162790697674,38
87,2,1.471264367816092,38
88,9,1.5568181818181819,38
89,2,1.5617977528089888,38
90,9,1.6444444444444444,38
91,6,1.6923076923076923,38
92,1,1.684782608695652,38
93,3,1.6989247311827957,38
1,0,0.0,0
2,0,0.0,0
3,0,0.0,0
4,0,0.0,0
5,0,0.0,0
6,0,0.0,0
7,1,0.14285714285714285,1
1,0,0.0,0
2,0,0.0,0
3,0,0.0,0
4,0,0.0,0
5,0,0.0,0
6,1,0.16666666666666666,1
7,1,0.2857142857142857,1
8,0,0.25,1
9,1,0.3333333333333333,1
10,0,0.3,1
11,1,0.36363636363636365,1
12,0,0.3333333333333333,1
13,0,0.3076923076923077,1
14,0,0.2857142857142857,1
15,1,0.3333333333333333,1
16,0,0.3125,1
17,1,0.35294117647058826,1
18,1,0.3888888888888889,1
19,1,0.42105263157894735,1
20,1,0.45,1
21,0,0.42857142857142855,1
22,1,0.45454545454545453,1
23,1,0.4782608695652174,1
24,1,0.5,1
25,0,0.48,1
26,0,0.46153846153846156,1
27,1,0.48148148148148145,1
28,1,0.5,1
29,0,0.4827586206896552,1
30,0,0.4666666666666667,1
31,1,0.4838709677419355,1
32,1,0.5,1
33,1,0.5151515151515151,1
34,1,0.5294117647058824,1
35,0,0.5142857142857142,1
36,2,0.5555555555555556,2
37,1,0.5675675675675675,2
38,3,0.631578947368421,3
39,1,0.6410256410256411,3
40,0,0.625,3
41,1,0.6341463414634146,3
42,2,0.6666666666666666,3
43,1,0.6744186046511628,3
44,4,0.75,4
45,1,0.7555555555555555,4
46,1,0.7608695652173914,4
47,3,0.8085106382978723,4
48,1,0.8125,4
49,1,0.8163265306122449,4
50,1,0.82,4
51,3,0.8627450980392157,4
52,3,0.9038461538461539,4
53,1,0.9056603773584906,4
54,4,0.9629629629629629,4
55,1,0.9636363636363636,4
56,2,0.9821428571428571,4
57,1,0.9824561403508771,4
58,2,1.0,4
59,1,1.0,4
60,3,1.0333333333333334,4
61,0,1.0163934426229508,4
62,8,1.1290322580645162,8
63,4,1.1746031746031746,8
64,9,1.296875,9
65,3,1.323076923076923,9
66,2,1.3333333333333333,9
67,6,1.4029850746268657,9
68,6,1.4705882352941178,9
69,10,1.5942028985507246,10
70,10,1.7142857142857142,10
71,14,1.8873239436619718,14
72,5,1.9305555555555556,14
73,4,1.9589041095890412,14
74,4,1.9864864864864864,14
75,5,2.026666666666667,14
76,5,2.0657894736842106,14
77,1,2.051948051948052,14
78,4,2.076923076923077,14
79,8,2.151898734177215,14
80,14,2.3,14
81,15,2.45679012345679,15
82,20,2.6707317073170733,20
83,32,3.0240963855421685,32
84,21,3.238095238095238,32
85,18,3.411764705882353,32
86,1,3.383720930232558,32
87,10,3.4597701149425286,32
88,10,3.534090909090909,32
89,4,3.539325842696629,32
90,9,3.6,32
91,7,3.6373626373626373,32
92,16,3.7717391304347827,32
93,22,3.967741935483871,32
94,27,4.212765957446808,32
95,13,4.3052631578947365,32
96,41,4.6875,41
97,23,4.876288659793815,41
98,32,5.153061224489796,41
99,25,5.353535353535354,41
100,18,5.48,41
101,10,5.524752475247524,41
102,24,5.705882352941177,41
103,12,5.766990291262136,41
104,20,5.903846153846154,41
105,31,6.142857142857143,41
106,33,6.39622641509434,41
107,21,6.5327102803738315,41
108,16,6.62037037037037,41
109,37,6.89908256880734,41
110,17,6.990909090909091,41
111,27,7.171171171171171,41
112,14,7.232142857142857,41
113,36,7.486725663716814,41
114,31,7.692982456140351,41
115,18,7.782608695652174,41
116,46,8.112068965517242,46
117,13,8.153846153846153,46
118,22,8.271186440677965,46
119,24,8.403361344537815,46
120,18,8.483333333333333,46
121,36,8.710743801652892,46
122,9,8.71311475409836,46
123,33,8.910569105691057,46
124,22,9.016129032258064,46
125,40,9.264,46
126,23,9.373015873015873,46
127,39,9.606299212598426,46
128,18,9.671875,46
129,19,9.744186046511627,46
130,21,9.830769230769231,46
131,19,9.900763358778626,46
132,7,9.878787878787879,46
133,7,9.857142857142858,46
134,32,10.022388059701493,46
135,15,10.059259259259258,46
136,31,10.213235294117647,46
137,26,10.328467153284672,46
138,28,10.456521739130435,46
139,35,10.633093525179856,46
140,22,10.714285714285714,46
141,24,10.808510638297872,46
142,10,10.80281690140845,46
143,40,11.006993006993007,46
144,32,11.152777777777779,46
145,13,11.16551724137931,46
146,47,11.41095890410959,47
147,11,11.408163265306122,47
148,24,11.493243243243244,47
149,30,11.61744966442953,47
150,17,11.653333333333334,47
151,12,11.655629139072847,47
152,34,11.802631578947368,47
153,31,11.928104575163399,47
154,17,11.96103896103896,47
155,39,12.135483870967741,47
156,26,12.224358974358974,47
157,24,12.299363057324841,47
158,26,12.386075949367088,47
159,28,12.484276729559749,47
160,15,12.5,47
161,28,12.596273291925465,47
162,44,12.790123456790123,47
163,41,12.963190184049079,47
164,26,13.042682926829269,47
165,30,13.145454545454545,47
166,22,13.198795180722891,47
167,29,13.293413173652695,47
168,10,13.273809523809524,47
169,23,13.331360946745562,47
170,37,13.470588235294118,47
171,16,13.485380116959064,47
172,9,13.459302325581396,47
173,35,13.583815028901734,47
174,35,13.706896551724139,47
175,36,13.834285714285715,47
176,37,13.965909090909092,47
177,19,13.994350282485875,47
178,24,14.05056179775281,47
179,11,14.033519553072626,47
180,16,14.044444444444444,47
181,37,14.171270718232044,47
182,33,14.274725274725276,47
183,12,14.262295081967213,47
184,27,14.331521739130435,47
185,34,14.437837837837838,47
186,31,14.526881720430108,47
187,27,14.593582887700535,47
188,35,14.702127659574469,47
189,46,14.867724867724867,47
190,17,14.878947368421052,47
191,18,14.895287958115183,47
192,13,14.885416666666666,47
193,46,15.046632124352332,47
194,35,15.149484536082474,47
195,20,15.174358974358974,47
196,34,15.270408163265307,47
197,11,15.248730964467006,47
198,43,15.38888888888889,47
199,20,15.412060301507537,47
200,10,15.385,47
201,20,15.407960199004975,47
202,18,15.42079207920792,47
203,9,15.389162561576354,47
204,51,15.563725490196079,51
205,26,15.614634146341464,51
206,25,15.660194174757281,51
207,33,15.743961352657005,51
208,37,15.846153846153847,51
209,22,15.875598086124402,51
210,12,15.857142857142858,51
211,34,15.943127962085308,51
212,37,16.04245283018868,51
213,36,16.136150234741784,51
214,29,16.19626168224299,51
215,43,16.32093023255814,51
216,15,16.314814814814813,51
217,34,16.3963133640553,51
218,30,16.458715596330276,51
219,30,16.52054794520548,51
220,9,16.486363636363638,51
221,38,16.58371040723982,51
222,20,16.5990990990991,51
223,26,16.641255605381165,51
224,19,16.651785714285715,51
225,19,16.662222222222223,51
226,19,16.672566371681416,51
227,34,16.748898678414097,51
228,36,16.833333333333332,51
229,19,16.842794759825328,51
230,34,16.917391304347827,51
231,16,16.913419913419915,51
232,33,16.982758620689655,51
233,32,17.047210300429185,51
234,42,17.153846153846153,51
235,12,17.131914893617022,51
236,17,17.13135593220339,51
237,11,17.10548523206751,51
238,11,17.07983193277311,51
239,31,17.13807531380753,51
240,22,17.158333333333335,51
241,33,17.224066390041493,51
242,19,17.231404958677686,51
243,38,17.31687242798354,51
244,15,17.307377049180328,51
245,45,17.420408163265307,51
246,48,17.54471544715447,51
247,30,17.59514170040486,51
248,21,17.608870967741936,51
249,10,17.57831325301205,51
250,29,17.624,51
251,26,17.657370517928285,51
252,23,17.678571428571427,51
253,23,17.699604743083004,51
254,11,17.673228346456693,51
255,59,17.83529411764706,59
256,20,17.84375,59
257,39,17.926070038910506,59
258,22,17.941860465116278,59
259,28,17.98069498069498,59
260,46,18.088461538461537,59
261,26,18.118773946360154,59
262,24,18.141221374045802,59
263,30,18.186311787072242,59
264,37,18.257575757575758,59
265,24,18.279245283018867,59
266,31,18.327067669172934,59
267,33,18.382022471910112,59
268,34,18.440298507462686,59
269,41,18.524163568773233,59
270,9,18.488888888888887,59
271,29,18.527675276752767,59
272,51,18.647058823529413,59
273,6,18.600732600732602,59
274,12,18.576642335766422,59
275,33,18.62909090909091,59
276,30,18.670289855072465,59
277,41,18.750902527075812,59
278,24,18.769784172661872,59
279,39,18.842293906810035,59
280,23,18.857142857142858,59
281,19,18.8576512455516,59
282,30,18.897163120567377,59
283,23,18.91166077738516,59
284,26,18.93661971830986,59
285,34,18.989473684210527,59
286,33,19.03846153846154,59
287,16,19.027874564459932,59
288,11,19.0,59
289,24,19.017301038062282,59
290,17,19.010344827586206,59
291,32,19.054982817869416,59
292,27,19.08219178082192,59
293,32,19.12627986348123,59
294,25,19.14625850340136,59
295,41,19.220338983050848,59
296,45,19.30743243243243,59
297,17,19.2996632996633,59
298,32,19.34228187919463,59
299,12,19.317725752508363,59
300,17,19.31,59
301,21,19.3156146179402,59
302,34,19.364238410596027,59
303,17,19.356435643564357,59
304,23,19.36842105263158,59
305,28,19.39672131147541,59
306,17,19.38888888888889,59
307,19,19.387622149837135,59
308,14,19.37012987012987,59
309,20,19.372168284789645,59
310,33,19.416129032258066,59
311,37,19.472668810289388,59
312,15,19.458333333333332,59
313,35,19.507987220447284,59
314,21,19.512738853503183,59
315,20,19.514285714285716,59
316,34,19.560126582278482,59
317,35,19.608832807570977,59
318,26,19.628930817610062,59
319,15,19.614420062695924,59
320,27,19.6375,59
321,17,19.629283489096572,59
322,26,19.649068322981368,59
323,25,19.6656346749226,59
324,16,19.65432098765432,59
325,30,19.686153846153847,59
326,22,19.69325153374233,59
327,28,19.718654434250766,59
328,21,19.722560975609756,59
329,32,19.75987841945289,59
330,14,19.742424242424242,59
331,16,19.731117824773413,59
332,33,19.771084337349397,59
333,32,19.80780780780781,59
334,24,19.820359281437124,59
335,41,19.883582089552238,59
336,29,19.910714285714285,59
337,31,19.94362017804154,59
338,19,19.940828402366865,59
339,27,19.96165191740413,59
340,12,19.938235294117646,59
341,36,19.98533724340176,59
342,20,19.985380116959064,59
343,50,20.072886297376094,59
344,16,20.061046511627907,59
345,32,20.095652173913045,59
346,59,20.208092485549134,59
347,16,20.195965417867434,59
348,19,20.192528735632184,59
349,27,20.212034383954155,59
350,14,20.194285714285716,59
351,30,20.22222222222222,59
352,17,20.213068181818183,59
353,12,20.189801699716714,59
354,25,20.203389830508474,59
355,11,20.177464788732394,59
356,47,20.252808988764045,59
357,18,20.246498599439775,59
358,25,20.25977653631285,59
359,37,20.30640668523677,59
360,29,20.330555555555556,59
361,23,20.337950138504155,59
362,13,20.31767955801105,59
363,22,20.322314049586776,59
364,31,20.35164835164835,59
365,38,20.4,59
366,19,20.396174863387976,59
367,38,20.444141689373296,59
368,26,20.45923913043478,59
369,19,20.45528455284553,59
370,55,20.548648648648648,59
371,15,20.533692722371967,59
372,32,20.56451612903226,59
373,26,20.579088471849865,59
374,39,20.628342245989305,59
375,46,20.696,59
376,37,20.73936170212766,59
377,37,20.782493368700266,59
378,37,20.825396825396826,59
379,21,20.82585751978892,59
380,27,20.842105263157894,59
381,6,20.80314960629921,59
382,12,20.780104712041886,59
383,13,20.759791122715406,59
384,18,20.752604166666668,59
385,38,20.7974025974026,59
386,38,20.8419689119171,59
387,33,20.873385012919897,59
388,14,20.855670103092784,59
389,5,20.81491002570694,59
390,27,20.83076923076923,59
391,30,20.854219948849106,59
392,47,20.92091836734694,59
393,24,20.928753180661577,59
394,19,20.923857868020306,59
395,34,20.956962025316457,59
396,33,20.987373737373737,59
397,20,20.984886649874056,59
398,20,20.982412060301506,59
399,27,20.99749373433584,59
400,21,20.9975,59
401,11,20.972568578553616,59
402,20,20.970149253731343,59
403,31,20.995037220843674,59
404,28,21.012376237623762,59
405,13,20.992592592592594,59
406,17,20.982758620689655,59
407,27,20.997542997542997,59
408,29,21.017156862745097,59
409,23,21.022004889975552,59
410,44,21.078048780487805,59
411,24,21.08515815085158,59
412,37,21.12378640776699,59
413,28,21.140435835351088,59
414,15,21.1256038647343,59
415,12,21.103614457831327,59
416,22,21.10576923076923,59
417,37,21.14388489208633,59
418,30,21.16507177033493,59
419,51,21.236276849642003,59
420,38,21.276190476190475,59
421,42,21.32541567695962,59
422,29,21.343601895734597,59
423,33,21.37115839243499,59
424,39,21.412735849056602,59
425,28,21.42823529411765,59
426,27,21.441314553990612,59
427,28,21.456674473067917,59
428,45,21.511682242990656,59
429,35,21.543123543123542,59
430,28,21.558139534883722,59
431,52,21.62877030162413,59
432,43,21.67824074074074,59
433,24,21.683602771362587,59
434,44,21.735023041474655,59
435,34,21.763218390804596,59
436,22,21.763761467889907,59
437,54,21.837528604118994,59
438,22,21.837899543378995,59
439,30,21.856492027334852,59
440,26,21.865909090909092,59
441,17,21.854875283446713,59
442,41,21.898190045248867,59
443,22,21.89841986455982,59
444,13,21.87837837837838,59
445,24,21.88314606741573,59
446,27,21.894618834080717,59
447,22,21.894854586129753,59
448,27,21.90625,59
449,29,21.92204899777283,59
450,40,21.962222222222223,59
451,35,21.991130820399114,59
452,27,22.00221238938053,59
453,29,22.01766004415011,59
454,14,22.0,59
455,40,22.03956043956044,59
456,40,22.07894736842105,59
457,11,22.054704595185996,59
458,20,22.050218340611355,59
459,26,22.058823529411764,59
460,25,22.065217391304348,59
461,28,22.07809110629067,59
462,8,22.047619047619047,59
463,32,22.069114470842333,59
464,24,22.073275862068964,59
465,20,22.068817204301077,59
466,45,22.11802575107296,59
467,23,22.119914346895076,59
468,5,22.083333333333332,59
469,18,22.074626865671643,59
470,19,22.068085106382977,59
471,30,22.084925690021233,59
472,25,22.091101694915253,59
473,44,22.137420718816067,59
474,35,22.164556962025316,59
475,37,22.19578947368421,59
476,31,22.214285714285715,59
477,19,22.20754716981132,59
478,32,22.228033472803347,59
479,39,22.26304801670146,59
480,25,22.26875,59
481,32,22.28898128898129,59
482,17,22.278008298755186,59
483,35,22.304347826086957,59
484,27,22.31404958677686,59
485,13,22.29484536082474,59
486,42,22.33539094650206,59
487,26,22.342915811088297,59
488,54,22.4077868852459,59
489,37,22.437627811860942,59
490,41,22.475510204081633,59
491,19,22.468431771894092,59
492,35,22.49390243902439,59
493,23,22.494929006085194,59
494,22,22.493927125506072,59
495,46,22.54141414141414,59
496,25,22.546370967741936,59
497,23,22.547283702213278,59
498,14,22.53012048192771,59
499,18,22.521042084168336,59
500,42,22.56,59
501,32,22.57884231536926,59
502,38,22.609561752988046,59
503,15,22.594433399602387,59
504,23,22.595238095238095,59
505,33,22.615841584158417,59
506,23,22.616600790513836,59
507,27,22.62524654832347,59
508,30,22.63976377952756,59
509,31,22.656188605108056,59
510,28,22.666666666666668,59
511,29,22.679060665362034,59
512,18,22.669921875,59
513,24,22.672514619883042,59
514,27,22.68093385214008,59
515,25,22.685436893203885,59
516,23,22.686046511627907,59
517,23,22.686653771760156,59
518,27,22.694980694980696,59
519,13,22.67630057803468,59
520,36,22.701923076923077,59
521,42,22.738963531669867,59
522,27,22.74712643678161,59
523,20,22.74187380497132,59
524,20,22.736641221374047,59
525,29,22.748571428571427,59
526,33,22.768060836501903,59
527,18,22.759013282732447,59
528,45,22.801136363636363,59
529,9,22.775047258979207,59
530,30,22.788679245283017,59
531,12,22.768361581920903,59
532,22,22.76691729323308,59
533,32,22.784240150093808,59
534,44,22.823970037453183,59
535,46,22.867289719626168,59
536,43,22.904850746268657,59
537,25,22.90875232774674,59
538,38,22.936802973977695,59
539,8,22.90909090909091,59
540,25,22.91296296296296,59
541,27,22.920517560073936,59
542,27,22.928044280442805,59
543,38,22.955801104972377,59
544,37,22.981617647058822,59
545,8,22.954128440366972,59
546,24,22.956043956043956,59
547,25,22.95978062157221,59
548,18,22.9507299270073,59
549,37,22.97632058287796,59
550,29,22.987272727272728,59
551,48,23.03266787658802,59
552,38,23.059782608695652,59
553,30,23.07233273056058,59
554,22,23.07039711191336,59
555,22,23.068468468468467,59
556,42,23.10251798561151,59
557,33,23.120287253141832,59
558,31,23.134408602150536,59
559,31,23.148479427549194,59
560,37,23.173214285714284,59
561,31,23.18716577540107,59
562,19,23.179715302491104,59
563,34,23.19893428063943,59
564,35,23.21985815602837,59
565,29,23.23008849557522,59
566,31,23.243816254416963,59
567,35,23.264550264550266,59
568,37,23.288732394366196,59
569,25,23.291739894551846,59
570,17,23.280701754385966,59
571,24,23.281961471103326,59
572,15,23.267482517482517,59
573,34,23.286212914485166,59
574,4,23.252613240418118,59
575,32,23.26782608695652,59
576,20,23.26215277777778,59
577,34,23.280762564991335,59
578,41,23.311418685121108,59
579,17,23.300518134715027,59
580,31,23.313793103448276,59
581,20,23.308089500860586,59
582,20,23.302405498281786,59
583,28,23.310463121783876,59
584,32,23.325342465753426,59
585,24,23.326495726495725,59
586,39,23.353242320819113,59
587,29,23.362862010221466,59
588,36,23.3843537414966,59
589,46,23.422750424448218,59
590,25,23.42542372881356,59
591,21,23.421319796954315,59
592,20,23.41554054054054,59
593,20,23.409780775716694,59
594,30,23.420875420875422,59
595,27,23.42689075630252,59
596,58,23.48489932885906,59
597,33,23.500837520938024,59
598,23,23.5,59
599,42,23.530884808013354,59
600,33,23.546666666666667,59
601,14,23.530782029950082,59
602,30,23.54152823920266,59
603,57,23.597014925373134,59
604,19,23.589403973509935,59
605,19,23.581818181818182,59
606,25,23.584158415841586,59
607,47,23.622734761120263,59
608,40,23.64967105263158,59
609,54,23.699507389162562,59
610,37,23.721311475409838,59
611,23,23.72013093289689,59
612,40,23.74673202614379,59
613,21,23.742251223491028,59
614,26,23.745928338762216,59
615,28,23.752845528455286,59
616,31,23.76461038961039,59
617,10,23.74230145867099,59
618,17,23.73139158576052,59
619,22,23.72859450726979,59
620,21,23.724193548387095,59
621,15,23.71014492753623,59
622,20,23.70418006430868,59
623,34,23.720706260032102,59
624,26,23.724358974358974,59
625,41,23.752,59
626,16,23.73961661341853,59
627,11,23.719298245614034,59
628,21,23.71496815286624,59
629,29,23.723370429252782,59
630,42,23.752380952380953,59
631,12,23.733755942947703,59
632,14,23.718354430379748,59
633,33,23.73301737756714,59
634,21,23.728706624605678,59
635,32,23.741732283464568,59
636,42,23.770440251572328,59
637,26,23.773940345368917,59
638,36,23.79310344827586,59
639,29,23.801251956181535,59
640,20,23.7953125,59
641,18,23.786271450858035,59
642,30,23.79595015576324,59
643,23,23.79471228615863,59
644,24,23.795031055900623,59
645,30,23.804651162790698,59
646,17,23.794117647058822,59
647,36,23.812982998454405,59
648,14,23.79783950617284,59
649,27,23.80277349768875,59
650,11,23.783076923076923,59
651,27,23.788018433179722,59
652,15,23.774539877300615,59
653,43,23.80398162327718,59
654,25,23.80581039755352,59
655,26,23.80916030534351,59
656,36,23.827743902439025,59
657,41,23.85388127853881,59
658,16,23.8419452887538,59
659,37,23.861911987860395,59
660,16,23.85,59
661,43,23.87897125567322,59
662,13,23.862537764350453,59
663,25,23.86425339366516,59
664,22,23.86144578313253,59
665,36,23.8796992481203,59
666,18,23.87087087087087,59
667,31,23.881559220389803,59
668,19,23.87425149700599,59
669,37,23.89387144992526,59
670,21,23.88955223880597,59
671,28,23.895678092399404,59
672,20,23.889880952380953,59
673,15,23.87667161961367,59
674,12,23.859050445103858,59
675,24,23.85925925925926,59
676,15,23.846153846153847,59
677,52,23.887740029542098,59
678,22,23.884955752212388,59
679,51,23.924889543446245,59
680,43,23.95294117647059,59
681,20,23.94713656387665,59
682,22,23.944281524926687,59
683,36,23.961932650073205,59
684,17,23.95175438596491,59
685,32,23.963503649635037,59
686,20,23.957725947521865,59
687,25,23.95924308588064,59
688,39,23.98110465116279,59
689,26,23.984034833091435,59
690,18,23.97536231884058,59
691,18,23.96671490593343,59
692,16,23.955202312138727,59
693,17,23.945165945165947,59
694,18,23.936599423631122,59
695,20,23.930935251798562,59
696,25,23.932471264367816,59
697,33,23.9454806312769,59
698,34,23.959885386819483,59
699,34,23.974248927038627,59
700,28,23.98,59
701,16,23.96861626248217,59
702,41,23.992877492877493,59
703,30,24.001422475106686,59
704,16,23.990056818181817,59
705,34,24.004255319148935,59
706,59,24.053824362606232,59
707,26,24.056577086280058,59
708,20,24.050847457627118,59
709,37,24.069111424541607,59
710,37,24.08732394366197,59
711,24,24.08720112517581,59
712,26,24.089887640449437,59
713,15,24.077138849929874,59
714,50,24.113445378151262,59
715,21,24.10909090909091,59
716,32,24.120111731843576,59
717,33,24.132496513249652,59
718,39,24.153203342618383,59
719,43,24.17941585535466,59
720,36,24.195833333333333,59
721,38,24.21497919556172,59
722,23,24.213296398891966,59
723,33,24.225449515905947,59
724,44,24.252762430939228,59
725,38,24.271724137931034,59
726,28,24.276859504132233,59
727,15,24.264099037138926,59
728,15,24.251373626373628,59
729,17,24.24142661179698,59
730,29,24.247945205479454,59
731,36,24.264021887824896,59
732,44,24.290983606557376,59
733,34,24.304229195088677,59
734,21,24.29972752043597,59
735,16,24.28843537414966,59
736,32,24.29891304347826,59
737,45,24.327001356852104,59
738,19,24.319783197831978,59
739,20,24.313937753721245,59
740,11,24.295945945945945,59
741,33,24.307692307692307,59
742,24,24.307277628032345,59
743,24,24.306864064602962,59
744,26,24.309139784946236,59
745,54,24.348993288590606,59
746,33,24.36058981233244,59
747,37,24.377510040160644,59
748,51,24.413101604278076,59
749,19,24.405874499332445,59
750,11,24.388,59
751,13,24.3728362183755,59
752,21,24.368351063829788,59
753,34,24.38114209827357,59
754,24,24.380636604774537,59
755,29,24.386754966887416,59
756,17,24.376984126984127,59
757,55,24.417437252311757,59
758,46,24.445910290237467,59
759,18,24.43741765480896,59
760,19,24.430263157894736,59
761,20,24.42444152431012,59
762,20,24.418635170603675,59
763,37,24.435124508519003,59
764,25,24.43586387434555,59
765,42,24.458823529411763,59
766,35,24.472584856396868,59
767,18,24.464146023468057,59
768,14,24.450520833333332,59
769,22,24.447334200260077,59
770,35,24.461038961038962,59
771,36,24.476005188067443,59
772,28,24.480569948186528,59
773,39,24.4993531694696,59
774,46,24.527131782945737,59
775,23,24.52516129032258,59
776,58,24.568298969072163,59
777,12,24.55212355212355,59
778,34,24.56426735218509,59
779,46,24.59178433889602,59
780,11,24.574358974358976,59
781,9,24.55441741357234,59
782,40,24.574168797953963,59
783,18,24.565772669220944,59
784,23,24.56377551020408,59
785,18,24.555414012738854,59
786,22,24.552162849872772,59
787,48,24.581956797966964,59
788,23,24.57994923857868,59
789,19,24.572877059569073,59
790,29,24.578481012658226,59
791,25,24.579013906447535,59
792,21,24.574494949494948,59
793,25,24.575031525851198,59
794,19,24.56801007556675,59
795,43,24.59119496855346,59
796,13,24.576633165829147,59
797,34,24.58845671267252,59
798,21,24.583959899749374,59
799,28,24.58823529411765,59
800,10,24.57,59
801,30,24.576779026217228,59
802,57,24.617206982543642,59
803,30,24.623910336239103,59
804,21,24.619402985074625,59
805,13,24.60496894409938,59
806,34,24.616625310173696,59
807,29,24.622057001239156,59
808,35,24.63490099009901,59
809,21,24.630407911001235,59
810,24,24.62962962962963,59
811,24,24.6288532675709,59
812,21,24.624384236453203,59
813,13,24.610086100861007,59
814,23,24.60810810810811,59
815,34,24.619631901840492,59
816,21,24.61519607843137,59
817,35,24.627906976744185,59
818,4,24.602689486552567,59
819,34,24.614163614163616,59
820,15,24.602439024390243,59
821,25,24.602923264311816,59
822,18,24.594890510948904,59
823,37,24.60996354799514,59
824,15,24.598300970873787,59
825,11,24.581818181818182,59
826,22,24.578692493946733,59
827,19,24.571946795646916,59
828,12,24.556763285024154,59
829,22,24.553679131483715,59
830,14,24.540963855421687,59
831,23,24.539109506618534,59
832,15,24.52764423076923,59
833,22,24.524609843937576,59
834,54,24.559952038369303,59
835,29,24.565269461077843,59
836,49,24.5944976076555,59
837,22,24.591397849462364,59
838,32,24.600238663484486,59
839,31,24.607866507747318,59
840,36,24.62142857142857,59
841,49,24.650416171224734,59
842,37,24.665083135391924,59
843,31,24.672597864768683,59
844,31,24.680094786729857,59
845,24,24.6792899408284,59
846,14,24.666666666666668,59
847,27,24.669421487603305,59
848,32,24.67806603773585,59
849,16,24.6678445229682,59
850,31,24.67529411764706,59
851,28,24.679200940070505,59
852,36,24.6924882629108,59
853,22,24.689331770222744,59
854,50,24.71896955503513,59
855,15,24.707602339181285,59
856,13,24.69392523364486,59
857,21,24.689614935822636,59
858,23,24.687645687645688,59
859,28,24.69150174621653,59
860,46,24.71627906976744,59
861,32,24.72473867595819,59
862,11,24.708816705336428,59
863,36,24.721900347624565,59
864,24,24.721064814814813,59
865,26,24.722543352601157,59
866,38,24.737875288683604,59
867,24,24.737024221453286,59
868,31,24.744239631336406,59
869,37,24.758342922899885,59
870,13,24.744827586206895,59
871,20,24.739380022962113,59
872,30,24.745412844036696,59
873,42,24.765177548682704,59
874,58,24.80320366132723,59
875,10,24.786285714285714,59
876,41,24.804794520547944,59
877,40,24.82212086659065,59
878,40,24.839407744874716,59
879,38,24.85437997724687,59
880,21,24.85,59
881,33,24.859250851305333,59
882,44,24.88095238095238,59
883,36,24.893544733861834,59
884,32,24.90158371040724,59
885,31,24.908474576271185,59
886,61,24.94920993227991,61
887,29,24.95377677564825,61
888,11,24.938063063063062,61
889,36,24.95050618672666,61
890,36,24.962921348314605,61
891,13,24.949494949494948,61
892,35,24.960762331838566,61
893,26,24.96192609182531,61
894,32,24.969798657718123,61
895,18,24.962011173184358,61
896,23,24.959821428571427,61
897,22,24.956521739130434,61
898,35,24.967706013363028,61
899,20,24.96218020022247,61
900,21,24.95777777777778,61
901,34,24.967813540510544,61
902,30,24.97339246119734,61
903,42,24.992248062015506,61
904,20,24.986725663716815,61
905,46,25.009944751381216,61
906,57,25.045253863134658,61
907,39,25.0606394707828,61
908,22,25.05726872246696,61
909,31,25.063806380638063,61
910,17,25.054945054945055,61
911,21,25.050493962678374,61
912,35,25.06140350877193,61
913,27,25.06352683461117,61
914,52,25.092997811816193,61
915,21,25.088524590163935,61
916,13,25.07532751091703,61
917,16,25.065430752453654,61
918,54,25.09694989106754,61
919,26,25.097932535364528,61
920,25,25.097826086956523,61
921,36,25.109663409337678,61
922,52,25.13882863340564,61
923,13,25.125677139761645,61
924,19,25.11904761904762,61
925,41,25.136216216216216,61
926,30,25.1414686825054,61
927,10,25.125134843581446,61
928,32,25.132543103448278,61
929,45,25.153928955866522,61
930,10,25.13763440860215,61
931,35,25.148227712137487,61
932,29,25.15236051502146,61
933,27,25.15434083601286,61
934,44,25.174518201284798,61
935,44,25.194652406417113,61
936,23,25.192307692307693,61
937,47,25.215581643543224,61
938,14,25.20362473347548,61
939,11,25.18849840255591,61
940,3,25.164893617021278,61
941,26,25.16578108395324,61
942,17,25.15711252653928,61
943,19,25.150583244962885,61
944,18,25.14300847457627,61
945,40,25.158730158730158,61
946,36,25.17019027484144,61
947,35,25.180570221752905,61
948,38,25.19409282700422,61
949,9,25.177028451001053,61
950,22,25.173684210526314,61
951,10,25.157728706624606,61
952,10,25.141806722689076,61
953,50,25.167890870933892,61
954,39,25.18238993710692,61
955,34,25.191623036649215,61
956,17,25.18305439330544,61
957,20,25.177638453500524,61
958,54,25.207724425887264,61
959,22,25.204379562043794,61
960,10,25.188541666666666,61
961,20,25.183142559833506,61
962,22,25.17983367983368,61
963,23,25.177570093457945,61
964,32,25.184647302904565,61
965,16,25.175129533678756,61
966,47,25.197722567287784,61
967,36,25.20889348500517,61
968,21,25.204545454545453,61
969,30,25.20949432404541,61
970,29,25.21340206185567,61
971,41,25.229660144181256,61
972,43,25.247942386831276,61
973,26,25.248715313463514,61
974,16,25.239219712525667,61
975,32,25.246153846153845,61
976,43,25.264344262295083,61
977,28,25.267144319344933,61
978,32,25.27402862985685,61
979,31,25.279877425944843,61
980,27,25.281632653061223,61
981,19,25.275229357798164,61
982,23,25.272912423625254,61
983,27,25.27466937945066,61
984,21,25.270325203252032,61
985,27,25.27208121827411,61
986,28,25.274847870182555,61
987,35,25.28470111448835,61
988,34,25.293522267206477,61
989,33,25.301314459049546,61
990,29,25.305050505050506,61
991,22,25.301715438950556,61
992,26,25.302419354838708,61
993,20,25.29707955689829,61
994,35,25.306841046277665,61
995,43,25.32462311557789,61
996,20,25.319277108433734,61
997,19,25.312938816449346,61
998,31,25.318637274549097,61
999,20,25.313313313313312,61
1000,16,25.304,61
1001,23,25.301698301698302,61
1002,28,25.30439121756487,61
1003,37,25.3160518444666,61
1004,19,25.3097609561753,61
1005,19,25.303482587064675,61
1006,24,25.302186878727635,61
1007,33,25.309831181727905,61
1008,37,25.321428571428573,61
1009,39,25.334985133795836,61
1010,23,25.332673267326733,61
1011,26,25.333333333333332,61
1012,32,25.3399209486166,61
1013,26,25.340572556762094,61
1014,33,25.348126232741617,61
1015,16,25.338916256157635,61
1016,34,25.34744094488189,61
1017,27,25.34906588003933,61
1018,15,25.338899803536346,61
1019,29,25.342492639842984,61
1020,18,25.33529411764706,61
1021,28,25.33790401567091,61
1022,33,25.3454011741683,61
1023,38,25.35777126099707,61
1024,50,25.3818359375,61
1025,27,25.38341463414634,61
1026,24,25.38206627680312,61
1027,29,25.385589094449855,61
1028,25,25.3852140077821,61
1029,13,25.373177842565596,61
1030,19,25.366990291262137,61
1031,38,25.379243452958292,61
1032,31,25.38468992248062,61
1033,19,25.378509196515004,61
1034,39,25.391682785299807,61
1035,17,25.38357487922705,61
1036,35,25.392857142857142,61
1037,42,25.40887174541948,61
1038,32,25.415221579961464,61
1039,24,25.41385948026949,61
1040,31,25.41923076923077,61
1041,34,25.427473583093178,61
1042,27,25.42898272552783,61
1043,11,25.415148609779482,61
1044,40,25.42911877394636,61
1045,17,25.42105263157895,61
1046,26,25.421606118546844,61
1047,39,25.434574976122253,61
1048,34,25.442748091603054,61
1049,23,25.44041944709247,61
1050,25,25.44,61
1051,52,25.465271170313986,61
1052,34,25.473384030418252,61
1053,29,25.47673314339981,61
1054,34,25.48481973434535,61
1055,37,25.4957345971564,61
1056,26,25.49621212121212,61
1057,42,25.51182592242195,61
1058,33,25.51890359168242,61
1059,45,25.537299338999055,61
1060,37,25.54811320754717,61
1061,43,25.564561734213008,61
